Player,Role,Amount,Team,Year,Player Origin,Amount (Cr)
Aaron Finch,Batsman,40000000,Sunrisers Hyderabad,2014,Overseas,4
Abdul Samad,All-Rounder,2000000,Sunrisers Hyderabad,2020,Indian,0.2
Abhijeet Tomar,Batsman,4000000,Kolkata Knight Riders,2022,Indian,0.4
Abhimanyu Mithun,Bowler,3000000,Mumbai Indians,2015,Indian,0.3
Abhinav Sadarangani,Batsman,26000000,Gujarat Titans,2022,Indian,2.6
Abhishek Nayar,All-Rounder,50625000,Pune Warriors India,2013,Indian,5.0625
Abhishek Sharma,All-Rounder,5500000,Delhi Daredevils,2018,Indian,0.55
Abu Nechim Ahmed,Bowler,3000000,Royal Challengers Bangalore,2014,Indian,0.3
Adam Milne,Bowler,7000000,Royal Challengers Bangalore,2015,Overseas,0.7
Adam Zampa,Bowler,3000000,Rising Pune Supergiant,2016,Overseas,0.3
Aditya Garhwal,All-Rounder,2500000,Kolkata Knight Riders,2015,Indian,0.25
Aditya Tare,Wicket Keeper,16000000,Mumbai Indians,2014,Indian,1.6
Agnivesh Ayachi,All-Rounder,2000000,Kings XI Punjab,2019,Indian,0.2
Aiden Blizzard,Batsman,3000000,Mumbai Indians,2015,Overseas,0.3
Aiden Markram,Batsman,26000000,Sunrisers Hyderabad,2022,Overseas,2.6
Ajantha Mendis,Bowler,54375000,Pune Warriors India,2013,Overseas,5.4375
Ajinkya Rahane,Batsman,40000000,Rajasthan Royals,2018,Indian,4
Akash Deep,Bowler,2000000,Royal Challengers Bangalore,2022,Indian,0.2
Akash Singh,Bowler,2000000,Rajasthan Royals,2020,Indian,0.2
Akhil Arvind Herwadkar,All-Rounder,1000000,Delhi Daredevils,2016,Indian,0.1
Akila Dananjaya,All-Rounder,1500000,Chennai Super Kings,2013,Overseas,0.15
Akila Dhananjaya,Bowler,5000000,Mumbai Indians,2018,Overseas,0.5
Akshar Rajesh Patel,All-Rounder,7500000,Kings XI Punjab,2014,Indian,0.75
Akshay Karnewar,All-Rounder,1000000,Royal Challengers Bangalore,2016,Indian,0.1
Akshay Wakhare,Bowler,1000000,Mumbai Indians,2015,Indian,0.1
Akshdeep Nath,All-Rounder,1000000,Gujarat Lions,2016,Indian,0.1
Albie Morkel,All-Rounder,24000000,Royal Challengers Bangalore,2014,Overseas,2.4
Alex Carey,Wicket Keeper,24000000,Delhi Capitals,2020,Overseas,2.4
Alex Hales,Batsman,15000000,Kolkata Knight Riders,2022,Overseas,1.5
Alzarri Joseph,Bowler,24000000,Gujarat Titans,2022,Overseas,2.4
Aman Khan,All-Rounder,2000000,Kolkata Knight Riders,2022,Indian,0.2
Ambati Rayudu,Wicket Keeper,22000000,Chennai Super Kings,2018,Indian,2.2
Amit Mishra,Bowler,1000000,Rajasthan Royals,2014,Indian,0.1
Amit Paunikar,Wicket Keeper,2000000,Sunrisers Hyderabad,2014,Indian,0.2
Andre Russell,All-Rounder,6000000,Kolkata Knight Riders,2014,Overseas,0.6
Andrew Tye,Bowler,2000000,Chennai Super Kings,2015,Overseas,0.2
Aneeshwar Gautam,All-Rounder,2000000,Royal Challengers Bangalore,2022,Indian,0.2
Angelo Mathews,All-Rounder,75000000,Delhi Daredevils,2015,Overseas,7.5
Aniket Choudhary,Bowler,20000000,Royal Challengers Bangalore,2017,Indian,2
Anirudha Ashok Joshi,All-Rounder,2000000,Royal Challengers Bangalore,2018,Indian,0.2
Ankeet Bawane,Batsman,1000000,Delhi Daredevils,2017,Indian,0.1
Ankit Nagendra Sharma,Bowler,1000000,Rajasthan Royals,2014,Indian,0.1
Ankit Sharma,All-Rounder,1000000,Rising Pune Supergiant,2016,Indian,0.1
Ankit Singh Rajpoot,Bowler,15000000,Kolkata Knight Riders,2016,Indian,1.5
Ankush Bains,Wicket Keeper,1000000,Rajasthan Royals,2014,Indian,0.1
Anmolpreet Singh,Batsman,8000000,Mumbai Indians,2019,Indian,0.8
Anrich Nortje,Bowler,2000000,Kolkata Knight Riders,2019,Overseas,0.2
Ansh Patel,All-Rounder,2000000,Punjab Kings,2022,Indian,0.2
Anuj Rawat,Wicket Keeper,8000000,Rajasthan Royals,2020,Indian,0.8
Anukul Roy,All-Rounder,2000000,Mumbai Indians,2018,Indian,0.2
Anunay Singh,All-Rounder,2000000,Rajasthan Royals,2022,Indian,0.2
Anureet Singh,Bowler,2000000,Kings XI Punjab,2014,Indian,0.2
Apoorv Vijay Wankhade,Batsman,1000000,Mumbai Indians,2014,Indian,0.1
Arjun Tendulkar,All-Rounder,2000000,Mumbai Indians,2021,Indian,0.2
Armaan Jaffer,Batsman,1000000,Kings XI Punjab,2016,Indian,0.1
Arshdeep Singh,Bowler,2000000,Kings XI Punjab,2019,Indian,0.2
Aryaman Vikram Birla,All-Rounder,3000000,Rajasthan Royals,2018,Indian,0.3
Aryan Juyal,Wicket Keeper,2000000,Mumbai Indians,2022,Indian,0.2
Asela Gunarathna,Batsman,3000000,Mumbai Indians,2017,Overseas,0.3
Ashish Nehra,Bowler,20000000,Chennai Super Kings,2014,Indian,2
Ashish Reddy,Bowler,2000000,Sunrisers Hyderabad,2014,Indian,0.2
Ashok Dinda,Bowler,15000000,Royal Challengers Bangalore,2014,Indian,1.5
Ashok Sharma,Bowler,5500000,Kolkata Knight Riders,2022,Indian,0.55
Ashton Turner,All-Rounder,5000000,Rajasthan Royals,2019,Indian,0.5
Ashwin Hebbar,Batsman,2000000,Delhi Capitals,2022,Indian,0.2
Asif K M,Bowler,4000000,Chennai Super Kings,2018,Indian,0.4
Atharva Taide,All-Rounder,2000000,Punjab Kings,2022,Indian,0.2
Avesh Khan,Bowler,7000000,Delhi Daredevils,2018,Indian,0.7
Axar Rajesh Patel,All-Rounder,50000000,Delhi Capitals,2019,Indian,5
Ayush Badoni,All-Rounder,2000000,Lucknow Super Giants,2022,Indian,0.2
B. Sai Sudharsan,All-Rounder,2000000,Gujarat Titans,2022,Indian,0.2
Baba Aparajith,Batsman,1000000,Chennai Super Kings,2014,Indian,0.1
Baba Indrajith,Wicket Keeper,2000000,Kolkata Knight Riders,2022,Indian,0.2
Baltej Dhanda,Bowler,2000000,Punjab Kings,2022,Indian,0.2
Bandaru Ayyappa,Bowler,2000000,Delhi Capitals,2019,Indian,0.2
Barinder Singh Saran,Bowler,1000000,Rajasthan Royals,2015,Indian,0.1
Barinder Singh Sran,Bowler,12000000,Sunrisers Hyderabad,2016,Indian,1.2
Basil Thampi,Bowler,8500000,Gujarat Lions,2017,Indian,0.85
Ben Cutting,Bowler,8000000,Rajasthan Royals,2014,Overseas,0.8
Ben Dunk,Wicket Keeper,2000000,Mumbai Indians,2014,Overseas,0.2
Ben Dwarshuis,Bowler,14000000,Kings XI Punjab,2018,Overseas,1.4
Ben Hilfenhaus,Bowler,10000000,Chennai Super Kings,2014,Overseas,1
Ben Laughlin,Bowler,1500000,Chennai Super Kings,2013,Overseas,0.15
Benjamin Stokes,All-Rounder,145000000,Rising Pune Supergiant,2017,Overseas,14.5
Benny Howell,All-Rounder,4000000,Punjab Kings,2022,Overseas,0.4
Beuran Hendricks,Bowler,18000000,Kings XI Punjab,2014,Overseas,1.8
Bhanuka Rajapaksa,Batsman,5000000,Punjab Kings,2022,Overseas,0.5
Bhuvneshwar Kumar,Bowler,42500000,Sunrisers Hyderabad,2014,Overseas,4.25
Billy Stanlake,Bowler,3000000,Royal Challengers Bangalore,2017,Overseas,0.3
Bipul Sharma,All-Rounder,2000000,Sunrisers Hyderabad,2018,Indian,0.2
Brad Hodge,Batsman,24000000,Rajasthan Royals,2014,Overseas,2.4
Brad Hogg,Bowler,5000000,Kolkata Knight Riders,2015,Overseas,0.5
Brendan Taylor,Wicket Keeper,3000000,Sunrisers Hyderabad,2014,Overseas,0.3
Brendon McCullum,Wicket Keeper,32500000,Chennai Super Kings,2014,Overseas,3.25
C Hari Nishaanth,Batsman,2000000,Chennai Super Kings,2021,Indian,0.2
C.Hari Nishaanth,Batsman,2000000,Chennai Super Kings,2022,Indian,0.2
C.M. Gautam,Wicket Keeper,2000000,Mumbai Indians,2014,Indian,0.2
Cameron Delport,All-Rounder,3000000,Kolkata Knight Riders,2018,Overseas,0.3
Carlos Brathwaite,All-Rounder,42000000,Delhi Daredevils,2016,Overseas,4.2
Chaitanya Bishnoi,All-Rounder,2000000,Chennai Super Kings,2018,Indian,0.2
Chama Milind,Bowler,1000000,Sunrisers Hyderabad,2014,Indian,0.1
Chamika Karunaratne,All-Rounder,5000000,Kolkata Knight Riders,2022,Overseas,0.5
Chetan Sakariya,Bowler,12000000,Rajasthan Royals,2021,Indian,1.2
Cheteshwar Pujara,Batsman,19000000,Kings XI Punjab,2014,Indian,1.9
Chirag Suri,Batsman,1000000,Gujarat Lions,2017,Indian,0.1
Chris Green,All-Rounder,2000000,Kolkata Knight Riders,2020,Overseas,0.2
Chris Jordan,All-Rounder,5000000,Sunrisers Hyderabad,2017,Overseas,0.5
Chris Lynn,Batsman,13000000,Kolkata Knight Riders,2014,Overseas,1.3
Chris Woakes,All-Rounder,42000000,Kolkata Knight Riders,2017,Overseas,4.2
Christopher Barnwell,All-Rounder,3750000,Royal Challengers Bangalore,2013,Overseas,0.375
Christopher Gayle,Batsman,20000000,Kings XI Punjab,2018,Overseas,2
Christopher Morris,All-Rounder,46875000,Chennai Super Kings,2013,Overseas,4.6875
Clinton McKay,Bowler,7500000,Sunrisers Hyderabad,2013,Overseas,0.75
Colin De Grandhomme,All-Rounder,22000000,Royal Challengers Bangalore,2018,Overseas,2.2
Colin Ingram,Batsman,64000000,Delhi Capitals,2019,Overseas,6.4
Colin Munro,All-Rounder,3000000,Kolkata Knight Riders,2016,Overseas,0.3
Corey Anderson,All-Rounder,45000000,Mumbai Indians,2014,Overseas,4.5
Dale Steyn,Bowler,23000000,Gujarat Lions,2016,Overseas,2.3
Dan Christian,All-Rounder,48000000,Royal Challengers Bangalore,2021,Overseas,4.8
Daniel Christian,All-Rounder,7500000,Royal Challengers Bangalore,2013,Overseas,0.75
Daniel Sams,All-Rounder,26000000,Mumbai Indians,2022,Overseas,2.6
Darcy Short,All-Rounder,40000000,Rajasthan Royals,2018,Overseas,4
Darren Bravo,Batsman,5000000,Kolkata Knight Riders,2017,Overseas,0.5
Darren Sammy,All-Rounder,31875000,Sunrisers Hyderabad,2013,Overseas,3.1875
Darshan Nalkande,All-Rounder,3000000,Kings XI Punjab,2019,Indian,0.3
Daryl Mitchell,All-Rounder,7500000,Rajasthan Royals,2022,Overseas,0.75
David Miller,Batsman,30000000,Kings XI Punjab,2018,Overseas,3
David Warner,Batsman,55000000,Sunrisers Hyderabad,2014,Overseas,5.5
David Wiese,All-Rounder,28000000,Royal Challengers Bangalore,2015,Overseas,2.8
David Willey,All-Rounder,20000000,Royal Challengers Bangalore,2022,Overseas,2
Dawid Malan,All-Rounder,15000000,Punjab Kings,2021,Overseas,1.5
Debabrata Das,Wicket Keeper,2000000,Kolkata Knight Riders,2014,Indian,0.2
Deepak Chahar,All-Rounder,1000000,Rising Pune Supergiant,2016,Indian,0.1
Deepak Hooda,Bowler,4000000,Rajasthan Royals,2014,Indian,0.4
Deepak Punia,All-Rounder,1000000,Mumbai Indians,2016,Indian,0.1
Devdutt Padikkal,Batsman,2000000,Royal Challengers Bangalore,2019,Indian,0.2
Devon Conway,Batsman,10000000,Chennai Super Kings,2022,Overseas,1
Dewald Brevis,Batsman,30000000,Mumbai Indians,2022,Overseas,3
Dhawal Kulkarni,Bowler,11000000,Rajasthan Royals,2014,Indian,1.1
Dhruv Jurel,Wicket Keeper,2000000,Rajasthan Royals,2022,Indian,0.2
Dhruv Shorey,All-Rounder,2000000,Chennai Super Kings,2018,Indian,0.2
Digvijay Deshmukh,All-Rounder,2000000,Mumbai Indians,2020,Indian,0.2
Dinesh Karthik,Wicket Keeper,125000000,Delhi Daredevils,2014,Indian,12.5
Dinesh Salunkhe,All-Rounder,1000000,Rajasthan Royals,2015,Indian,0.1
Dirk Nannes,Bowler,45000000,Chennai Super Kings,2013,Overseas,4.5
Dishant Yagnik,Wicket Keeper,3000000,Rajasthan Royals,2014,Indian,0.3
Dominic Drakes,All-Rounder,11000000,Gujarat Titans,2022,Overseas,1.1
Domnic Joseph Muthuswamy,Bowler,7500000,Delhi Daredevils,2015,Overseas,0.75
Dushmanta Chameera,Bowler,20000000,Lucknow Super Giants,2022,Overseas,2
Dushmantha Chameera,Bowler,5000000,Rajasthan Royals,2018,Overseas,0.5
Dwaine Pretorius,All-Rounder,5000000,Chennai Super Kings,2022,Overseas,0.5
Dwayne Bravo,All-Rounder,64000000,Chennai Super Kings,2018,Overseas,6.4
Dwayne Smith,Batsman,45000000,Chennai Super Kings,2014,Overseas,4.5
Eklavya Dwivedi,Wicket Keeper,1000000,Chennai Super Kings,2015,Indian,0.1
Eoin Morgan,Batsman,15000000,Sunrisers Hyderabad,2015,Overseas,1.5
Evin Lewis,Batsman,38000000,Mumbai Indians,2018,Overseas,3.8
Fabian Allen,All-Rounder,5000000,Sunrisers Hyderabad,2020,Overseas,0.5
Faf Du Plessis,Batsman,47500000,Chennai Super Kings,2014,Overseas,4.75
Farhaan Behardien,All-Rounder,3000000,Kings XI Punjab,2016,Overseas,0.3
Fazalhaq Farooqi,Bowler,5000000,Sunrisers Hyderabad,2022,Overseas,0.5
Fidel Edwards,Bowler,15750000,Rajasthan Royals,2013,Overseas,1.575
Finn Allen,Batsman,8000000,Royal Challengers Bangalore,2022,Overseas,0.8
Gautam Gambhir,Batsman,28000000,Delhi Daredevils,2018,Indian,2.8
George Bailey,Batsman,32500000,Kings XI Punjab,2014,Overseas,3.25
Glenn Maxwell,All-Rounder,75000000,Mumbai Indians,2013,Overseas,7.5
Glenn Phillips,Wicket Keeper,15000000,Sunrisers Hyderabad,2022,Overseas,1.5
Gurinder Sandhu,Bowler,17000000,Delhi Daredevils,2015,Indian,1.7
Gurkeerat Singh Mann,All-Rounder,5000000,Gujarat Titans,2022,Indian,0.5
Hanuma Vihari,Batsman,1000000,Sunrisers Hyderabad,2015,Indian,0.1
Harbhajan Singh,Bowler,20000000,Chennai Super Kings,2018,Indian,2
Hardik Pandya,All-Rounder,1000000,Mumbai Indians,2015,Indian,0.1
Hardus Viljoen,Bowler,7500000,Kings XI Punjab,2019,Overseas,0.75
Harpreet Brar,All-Rounder,2000000,Kings XI Punjab,2019,Indian,0.2
Harry Gurney,Bowler,7500000,Kolkata Knight Riders,2019,Overseas,0.75
Harshal Patel,Bowler,4000000,Royal Challengers Bangalore,2014,Indian,0.4
Heinrich Klaasen,Wicket Keeper,5000000,Royal Challengers Bangalore,2019,Overseas,0.5
Himmat Singh,Batsman,6500000,Royal Challengers Bangalore,2019,Indian,0.65
Hrithik Shokeen,All-Rounder,2000000,Mumbai Indians,2022,Indian,0.2
HS Sharath,Bowler,1000000,Delhi Daredevils,2014,Indian,0.1
Imran Tahir,Bowler,10000000,Chennai Super Kings,2018,Overseas,1
Iqbal Abdullah,All-Rounder,6500000,Rajasthan Royals,2014,Indian,0.65
Irfan Pathan,All-Rounder,24000000,Sunrisers Hyderabad,2014,Indian,2.4
Ishan Kishan,Wicket Keeper,3500000,Gujarat Lions,2016,Indian,0.35
Ishan Porel,Bowler,2500000,Punjab Kings,2022,Indian,0.25
Ishank Jaggi,Batsman,1000000,Kolkata Knight Riders,2017,Indian,0.1
Ishant Sharma,Bowler,26000000,Sunrisers Hyderabad,2014,Indian,2.6
Ishwar Chandra Pandey,Bowler,15000000,Chennai Super Kings,2014,Indian,1.5
Isuru Udana,All-Rounder,5000000,Royal Challengers Bangalore,2020,Overseas,0.5
J Suchith,Bowler,3000000,Sunrisers Hyderabad,2021,Indian,0.3
Jacob Oram,All-Rounder,3750000,Mumbai Indians,2013,Overseas,0.375
Jacques Kallis,All-Rounder,55000000,Kolkata Knight Riders,2014,Overseas,5.5
Jagadeesha Suchith,Bowler,2000000,Sunrisers Hyderabad,2022,Indian,0.2
Jalaj Saxena,All-Rounder,9000000,Mumbai Indians,2014,Indian,0.9
James Faulkner,All-Rounder,30000000,Rajasthan Royals,2013,Overseas,3
James Neesham,All-Rounder,10000000,Delhi Daredevils,2014,Overseas,1
Jaskaran Singh,Bowler,1000000,Rising Pune Supergiant,2016,Indian,0.1
Jason Behrendorff,Bowler,15000000,Mumbai Indians,2018,Overseas,1.5
Jason Holder,Bowler,1500000,Chennai Super Kings,2013,Overseas,0.15
Jason Roy,Batsman,10000000,Gujarat Lions,2017,Overseas,1
Jasprit Bumrah,Bowler,12000000,Mumbai Indians,2014,Indian,1.2
Jatin Saxena,All-Rounder,2000000,Rajasthan Royals,2018,Indian,0.2
Javon Searless,All-Rounder,3000000,Kolkata Knight Riders,2018,Indian,0.3
Jayant Yadav,All-Rounder,1000000,Delhi Daredevils,2014,Indian,0.1
Jaydev Shah,All-Rounder,2000000,Gujarat Lions,2016,Indian,0.2
Jaydev Unadkat,Bowler,39375000,Royal Challengers Bangalore,2013,Indian,3.9375
Jean-Paul Duminy,Batsman,22000000,Delhi Daredevils,2014,Overseas,2.2
Jeevan Mendis,All-Rounder,3750000,Delhi Daredevils,2013,Overseas,0.375
Jesse Ryder,All-Rounder,19500000,Delhi Daredevils,2013,Overseas,1.95
Jhye Richardson,Bowler,140000000,Punjab Kings,2021,Overseas,14
Jitesh Sharma,Wicket Keeper,1000000,Mumbai Indians,2016,Indian,0.1
Joe Denly,Batsman,10000000,Kolkata Knight Riders,2019,Overseas,1
Joel Paris,Bowler,3000000,Delhi Daredevils,2016,Overseas,0.3
Jofra Archer,All-Rounder,72000000,Rajasthan Royals,2018,Overseas,7.2
Johan Botha,All-Rounder,33750000,Delhi Daredevils,2013,Overseas,3.375
John Hastings,All-Rounder,5000000,Chennai Super Kings,2014,Overseas,0.5
Jonny Bairstow,Wicket Keeper,22000000,Sunrisers Hyderabad,2019,Overseas,2.2
Jos Buttler,Wicket Keeper,38000000,Mumbai Indians,2016,Overseas,3.8
Josh Hazlewood,Bowler,5000000,Mumbai Indians,2014,Overseas,0.5
Joshua Philippe,Wicket Keeper,2000000,Royal Challengers Bangalore,2020,Overseas,0.2
Juan Theron,Bowler,3000000,Rajasthan Royals,2015,Overseas,0.3
Krishnappa Gowtham,All-Rounder,9000000,Lucknow Super Giants,2022,Indian,0.9
K.Bhagath Varma,All-Rounder,2000000,Chennai Super Kings,2021,Indian,0.2
K.C Cariappa,Bowler,2000000,Rajasthan Royals,2021,Indian,0.2
K.C. Cariappa,Bowler,24000000,Kolkata Knight Riders,2015,Indian,2.4
K.K. Jiyaz,Bowler,1000000,Delhi Daredevils,2015,Indian,0.1
K.M. Asif,Bowler,2000000,Chennai Super Kings,2022,Indian,0.2
K.S. Bharat,Wicket Keeper,20000000,Delhi Capitals,2022,Indian,2
Kagiso Rabada,Bowler,50000000,Delhi Daredevils,2017,Overseas,5
Kamlesh Nagarkoti,All-Rounder,32000000,Kolkata Knight Riders,2018,Indian,3.2
Kane Richardson,Bowler,52500000,Pune Warriors India,2013,Overseas,5.25
Kane Williamson,All-Rounder,6000000,Sunrisers Hyderabad,2015,Overseas,0.6
Kanishk Seth,All-Rounder,2000000,Chennai Super Kings,2018,Indian,0.2
Karan Sharma,All-Rounder,2000000,Lucknow Super Giants,2022,Indian,0.2
Karanveer Singh,All-Rounder,1000000,Kings XI Punjab,2014,Indian,0.1
Karn Sharma,Bowler,37500000,Sunrisers Hyderabad,2014,Indian,3.75
Kartik Tyagi,Bowler,13000000,Rajasthan Royals,2020,Indian,1.3
Karun Nair,Batsman,7500000,Rajasthan Royals,2014,Indian,0.75
Kedar Jadhav,Batsman,20000000,Delhi Daredevils,2014,Indian,2
Keemo Paul,All-Rounder,5000000,Delhi Capitals,2019,Overseas,0.5
Kevin Pietersen,Batsman,90000000,Delhi Daredevils,2014,Overseas,9
Kevon Cooper,All-Rounder,3000000,Rajasthan Royals,2014,Overseas,0.3
Kieron Pollard,All-Rounder,54000000,Mumbai Indians,2018,Overseas,5.4
Kishore Pramod Kamath,All-Rounder,14000000,Mumbai Indians,2016,Indian,1.4
KL Rahul,Batsman,10000000,Sunrisers Hyderabad,2014,Indian,1
Kona Srikar Bharat,Wicket Keeper,1000000,Delhi Daredevils,2015,Indian,0.1
Krismar Santokie,Bowler,3000000,Mumbai Indians,2014,Overseas,0.3
Krunal Pandya,All-Rounder,20000000,Mumbai Indians,2016,Indian,2
Kshitiz Sharma,All-Rounder,2000000,Chennai Super Kings,2018,Indian,0.2
Kuldeep Sen,Bowler,2000000,Rajasthan Royals,2022,Indian,0.2
Kuldeep Yadav,Bowler,4000000,Kolkata Knight Riders,2014,Indian,0.4
Kuldip Yadav,Bowler,2000000,Rajasthan Royals,2021,Indian,0.2
Kulwant Khejroliya,Bowler,1000000,Mumbai Indians,2017,Indian,0.1
Kusal Janith Perera,Wicket Keeper,1500000,Rajasthan Royals,2013,Indian,0.15
Kyle Abbott,Bowler,3000000,Chennai Super Kings,2015,Overseas,0.3
Kyle Jamieson,All-Rounder,150000000,Royal Challengers Bangalore,2021,Overseas,15
Kyle Mayers,All-Rounder,5000000,Lucknow Super Giants,2022,Overseas,0.5
Lakshmipathy Balaji,Bowler,18000000,Kings XI Punjab,2014,Indian,1.8
Lalit Yadav,All-Rounder,2000000,Delhi Capitals,2020,Indian,0.2
Lasith Malinga,Bowler,20000000,Mumbai Indians,2019,Overseas,2
Laxmi Ratan Shukla,All-Rounder,15000000,Delhi Daredevils,2014,Indian,1.5
Liam Livingstone,All-Rounder,5000000,Rajasthan Royals,2019,Overseas,0.5
Lockie Ferguson,Bowler,5000000,Rising Pune Supergiant,2017,Overseas,0.5
Luke Pomersbach,Batsman,22500000,Kings XI Punjab,2013,Overseas,2.25
Lukman Hussain Meriwala,Bowler,2000000,Delhi Capitals,2021,Indian,0.2
Lungisani Ngidi,Bowler,5000000,Chennai Super Kings,2018,Overseas,0.5
Luvnith Sisodia,Wicket Keeper,2000000,Royal Challengers Bangalore,2022,Indian,0.2
M Siddharth,Bowler,2000000,Kolkata Knight Riders,2020,Indian,0.2
M. Ashwin,Bowler,45000000,Rising Pune Supergiant,2016,Indian,4.5
M. Harisankar Reddy,Bowler,2000000,Chennai Super Kings,2021,Indian,0.2
Washington Sundar,All-Rounder,32000000,Royal Challengers Bangalore,2018,Indian,3.2
Maheesh Theekshana,Bowler,7000000,Chennai Super Kings,2022,Overseas,0.7
Mahipal Lomror,All-Rounder,1000000,Delhi Daredevils,2016,Indian,0.1
Manan Ajay Sharma,All-Rounder,1000000,Kolkata Knight Riders,2016,Indian,0.1
Manan Vohra,Batsman,11000000,Royal Challengers Bangalore,2018,Indian,1.1
Mandeep Hardev Singh,All-Rounder,8000000,Kings XI Punjab,2014,Indian,0.8
Mandeep Singh,All-Rounder,14000000,Royal Challengers Bangalore,2018,Indian,1.4
Manish Pandey,Batsman,17000000,Kolkata Knight Riders,2014,Indian,1.7
Manjot Kalra,Batsman,2000000,Delhi Daredevils,2018,Indian,0.2
Manoj Tiwary,Batsman,28000000,Delhi Daredevils,2014,Indian,2.8
Manpreet Gony,Bowler,37500000,Kings XI Punjab,2013,Indian,3.75
Manprit Juneja,Batsman,1000000,Sunrisers Hyderabad,2014,Indian,0.1
Manvinder Bisla,Wicket Keeper,6000000,Kolkata Knight Riders,2014,Indian,0.6
Manzoor Dar,All-Rounder,2000000,Kings XI Punjab,2018,Indian,0.2
Marchant De Lange,Bowler,3000000,Mumbai Indians,2014,Overseas,0.3
Marco Jansen,All-Rounder,2000000,Mumbai Indians,2021,Overseas,0.2
Marcus Stoinis,All-Rounder,2500000,Delhi Daredevils,2015,Overseas,0.25
Mark Wood,Bowler,15000000,Chennai Super Kings,2018,Overseas,1.5
Martin Guptill,Batsman,5000000,Kings XI Punjab,2017,Overseas,0.5
Matt Henry,Bowler,3000000,Chennai Super Kings,2014,Overseas,0.3
Matthew Wade,Wicket Keeper,24000000,Gujarat Titans,2022,Overseas,2.4
Mayank Agarwal,Batsman,16000000,Delhi Daredevils,2014,Indian,1.6
Mayank Dagar,All-Rounder,2000000,Kings XI Punjab,2018,Indian,0.2
Mayank Markande,Bowler,2000000,Mumbai Indians,2018,Indian,0.2
Mayank Yadav,Bowler,2000000,Lucknow Super Giants,2022,Indian,0.2
Michael Clarke,Batsman,30000000,Pune Warriors India,2013,Overseas,3
Michael Hussey,Batsman,50000000,Mumbai Indians,2014,Overseas,5
Midhun S,All-Rounder,2000000,Rajasthan Royals,2018,Indian,0.2
Milind Kumar,Batsman,1000000,Delhi Daredevils,2014,Indian,0.1
Milind Tandon,All-Rounder,1000000,Rising Pune Supergiant,2017,Indian,0.1
Mitchell Johnson,All-Rounder,65000000,Kings XI Punjab,2014,Overseas,6.5
Mitchell Marsh,All-Rounder,48000000,Rising Pune Supergiant,2016,Overseas,4.8
Mitchell McClenaghan,Bowler,3000000,Mumbai Indians,2015,Overseas,0.3
Mitchell Santner,All-Rounder,5000000,Chennai Super Kings,2018,Overseas,0.5
Mitchell Starc,Bowler,50000000,Royal Challengers Bangalore,2014,Overseas,5
Mithun Manhas,All-Rounder,3000000,Chennai Super Kings,2014,Indian,0.3
Moeen Ali,All-Rounder,17000000,Royal Challengers Bangalore,2018,Overseas,1.7
Mohammad Nabi,All-Rounder,3000000,Sunrisers Hyderabad,2017,Overseas,0.3
Mohammad Shami,Bowler,42500000,Delhi Daredevils,2014,Indian,4.25
Mohammed Azharudeen,Wicket Keeper,2000000,Royal Challengers Bangalore,2021,Indian,0.2
Mohammed Siraj,Bowler,26000000,Sunrisers Hyderabad,2017,Indian,2.6
Mohd. Arshad Khan,All-Rounder,2000000,Mumbai Indians,2022,Indian,0.2
Mohit Sharma,Bowler,20000000,Chennai Super Kings,2014,Indian,2
Mohsin Khan,Bowler,2000000,Mumbai Indians,2018,Indian,0.2
Moises Henriques,All-Rounder,22500000,Royal Challengers Bangalore,2013,Overseas,2.25
Monu Singh,Bowler,2000000,Chennai Super Kings,2018,Indian,0.2
Morne Morkel,Bowler,28000000,Kolkata Knight Riders,2014,Overseas,2.8
Mujeeb Zadran,Bowler,40000000,Kings XI Punjab,2018,Overseas,4
Mukesh Choudhary,Bowler,2000000,Chennai Super Kings,2022,Indian,0.2
Munaf Patel,Bowler,3000000,Gujarat Lions,2017,Indian,0.3
Murali Kartik,Bowler,10000000,Kings XI Punjab,2014,Indian,1
Murali Vijay,Batsman,50000000,Delhi Daredevils,2014,Indian,5
Murugan Ashwin,Bowler,16000000,Mumbai Indians,2022,Indian,1.6
Mustafizur Rahman,Bowler,14000000,Sunrisers Hyderabad,2016,Overseas,1.4
Muttiah Muralitharan,Bowler,10000000,Royal Challengers Bangalore,2014,Overseas,1
N Jagadeesan,Wicket Keeper,2000000,Chennai Super Kings,2018,Indian,0.2
N. Jagadeesan,Wicket Keeper,2000000,Chennai Super Kings,2022,Indian,0.2
N. Tilak Varma,All-Rounder,17000000,Mumbai Indians,2022,Indian,1.7
Naman Ojha,Wicket Keeper,5000000,Sunrisers Hyderabad,2014,Indian,0.5
Nathan Coulter-Nile,Bowler,33750000,Mumbai Indians,2013,Overseas,3.375
Nathan Ellis,Bowler,7500000,Punjab Kings,2022,Overseas,0.75
Nathan McCullum,Bowler,7500000,Sunrisers Hyderabad,2013,Overseas,0.75
Nathu Singh,Bowler,32000000,Mumbai Indians,2016,Indian,3.2
Navdeep Saini,Bowler,1000000,Delhi Daredevils,2017,Indian,0.1
Nic Maddinson,Batsman,5000000,Royal Challengers Bangalore,2014,Overseas,0.5
Nicolas Pooran,Wicket Keeper,107500000,Sunrisers Hyderabad,2022,Overseas,10.75
Nidheesh M D Dinesan,Bowler,2000000,Mumbai Indians,2018,Indian,0.2
Nikhil Shankar Naik,Wicket Keeper,3000000,Kings XI Punjab,2015,Indian,0.3
Nitish Rana,All-Rounder,1000000,Mumbai Indians,2015,Indian,0.1
Noor Ahmad,Bowler,3000000,Gujarat Titans,2022,Overseas,0.3
Obed Mccoy,Bowler,7500000,Rajasthan Royals,2022,Overseas,0.75
Odean Smith,All-Rounder,60000000,Punjab Kings,2022,Overseas,6
Oshane Thomas,Bowler,11000000,Rajasthan Royals,2019,Overseas,1.1
Pankaj Jaswal,All-Rounder,2000000,Mumbai Indians,2019,Overseas,0.2
Pankaj Singh,Bowler,11250000,Royal Challengers Bangalore,2013,Indian,1.125
Paras Dogra,Batsman,1000000,Gujarat Lions,2016,Indian,0.1
Pardeep Sahu,All-Rounder,1000000,Rajasthan Royals,2015,Indian,0.1
Parthiv Patel,Wicket Keeper,14000000,Royal Challengers Bangalore,2014,Indian,1.4
Parveez Rasool,All-Rounder,9500000,Sunrisers Hyderabad,2014,Indian,0.95
Parvinder Awana,Bowler,6500000,Kings XI Punjab,2014,Indian,0.65
Pat Cummins,Bowler,54000000,Mumbai Indians,2018,Overseas,5.4
Pavan Deshpande,All-Rounder,2000000,Royal Challengers Bangalore,2018,Indian,0.2
Pawan Negi,Bowler,1000000,Chennai Super Kings,2014,Indian,0.1
Pawan Suyal,Bowler,1000000,Mumbai Indians,2014,Indian,0.1
Peter Handscomb,Wicket Keeper,3000000,Rising Pune Supergiant,2016,Overseas,0.3
Philip Hughes,Batsman,7500000,Mumbai Indians,2013,Overseas,0.75
Piyush Chawla,Bowler,42500000,Kolkata Knight Riders,2014,Indian,4.25
Prabhsimran Singh,Wicket Keeper,48000000,Kings XI Punjab,2019,Indian,4.8
Pradeep Sangwan,All-Rounder,2000000,Gujarat Lions,2016,Indian,0.2
Pragyan Ojha,Bowler,32500000,Mumbai Indians,2014,Indian,3.25
Prasanth Padmanabhan,All-Rounder,1000000,Sunrisers Hyderabad,2015,Indian,0.1
Prasanth Parameswaran,Bowler,3000000,Sunrisers Hyderabad,2014,Indian,0.3
Prashant Chopra,Wicket Keeper,2000000,Rajasthan Royals,2018,Indian,0.2
Prashant Solanki,Bowler,12000000,Chennai Super Kings,2022,Indian,1.2
Prasidh Krishna,Bowler,100000000,Rajasthan Royals,2022,Indian,10
Pratham Singh,All-Rounder,1000000,Gujarat Lions,2017,Indian,0.1
Pratyush Singh,All-Rounder,1000000,Chennai Super Kings,2015,Indian,0.1
Praveen Dubey,All-Rounder,3500000,Royal Challengers Bangalore,2016,Indian,0.35
Praveen Kumar,Bowler,22000000,Sunrisers Hyderabad,2015,Indian,2.2
Pravin Dubey,All-Rounder,5000000,Delhi Capitals,2022,Indian,0.5
Pravin Tambe,Bowler,1000000,Rajasthan Royals,2014,Indian,0.1
Prayas Ray Barman,All-Rounder,15000000,Royal Challengers Bangalore,2019,Indian,1.5
Prerak Mankad,All-Rounder,2000000,Punjab Kings,2022,Indian,0.2
Prince Balwant Rai Singh,All-Rounder,2000000,Mumbai Indians,2020,Indian,0.2
Prithvi Raj Yarra,Bowler,2000000,Kolkata Knight Riders,2019,Indian,0.2
Prithvi Shaw,Batsman,12000000,Delhi Daredevils,2018,Indian,1.2
Priyam Garg,Batsman,19000000,Sunrisers Hyderabad,2020,Indian,1.9
Quinton De Kock,Wicket Keeper,1500000,Sunrisers Hyderabad,2013,Overseas,0.15
R Samarth,Batsman,2000000,Sunrisers Hyderabad,2022,Indian,0.2
R. Ashwin,All-Rounder,50000000,Rajasthan Royals,2022,Indian,5
R. Sai Kishore,Bowler,2000000,Chennai Super Kings,2020,Indian,0.2
R. Sanjay Yadav,All-Rounder,1000000,Kolkata Knight Riders,2017,Indian,0.1
Rahul Ajay Tripathi,All-Rounder,1000000,Rising Pune Supergiant,2017,Indian,0.1
Rahul Buddhi,Batsman,2000000,Mumbai Indians,2022,Indian,0.2
Rahul Chahar,Bowler,1000000,Rising Pune Supergiant,2017,Indian,0.1
Rahul Sharma,Bowler,19000000,Delhi Daredevils,2014,Indian,1.9
Rahul Shukla,Bowler,4000000,Delhi Daredevils,2014,Indian,0.4
Rahul Tewatia,All-Rounder,1000000,Rajasthan Royals,2014,Indian,0.1
Rahul Tripathi,Batsman,34000000,Rajasthan Royals,2018,Indian,3.4
Raj Angad Bawa,All-Rounder,20000000,Punjab Kings,2022,Indian,2
Rajagopal Sathish,All-Rounder,2000000,Kolkata Knight Riders,2016,Indian,0.2
Rajat Bhatia,All-Rounder,17000000,Rajasthan Royals,2014,Indian,1.7
Rajat Patidar,Batsman,2000000,Royal Challengers Bangalore,2021,Indian,0.2
Rajvardhan Hangargekar,All-Rounder,15000000,Chennai Super Kings,2022,Indian,1.5
Ramandeep Singh,All-Rounder,2000000,Mumbai Indians,2022,Indian,0.2
Ramesh Kumar,Batsman,2000000,Kolkata Knight Riders,2022,Indian,0.2
Ranganath Vinay Kumar,Bowler,28000000,Kolkata Knight Riders,2014,Indian,2.8
Rashid Khan Arman,Bowler,40000000,Sunrisers Hyderabad,2017,Overseas,4
Rasikh Dar,Bowler,2000000,Mumbai Indians,2019,Indian,0.2
Rassie Van Der Dussen,Batsman,10000000,Rajasthan Royals,2022,Overseas,1
Ravi Bishnoi,Bowler,20000000,Kings XI Punjab,2020,Indian,2
Ravi Bopara,All-Rounder,10000000,Sunrisers Hyderabad,2015,Indian,1
Ravi Rampaul,Bowler,21750000,Royal Challengers Bangalore,2013,Overseas,2.175
Ravichandran Ashwin,All-Rounder,76000000,Kings XI Punjab,2018,Overseas,7.6
Ricky Bhui,Batsman,1000000,Sunrisers Hyderabad,2014,Overseas,0.1
Ricky Ponting,Batsman,30000000,Mumbai Indians,2013,Overseas,3
Riley Meredith,Bowler,80000000,Punjab Kings,2021,Overseas,8
Rinku Singh,Batsman,1000000,Kings XI Punjab,2017,Indian,0.1
Ripal Patel,All-Rounder,2000000,Delhi Capitals,2021,Indian,0.2
Rishabh Pant,Wicket Keeper,19000000,Delhi Daredevils,2016,Indian,1.9
Rishi Dhawan,All-Rounder,30000000,Kings XI Punjab,2014,Indian,3
Riyan Parag,All-Rounder,2000000,Rajasthan Royals,2019,Indian,0.2
Robin Uthappa,Batsman,50000000,Kolkata Knight Riders,2014,Indian,5
Romario Shepherd,All-Rounder,77500000,Sunrisers Hyderabad,2022,Overseas,7.75
Ronit More,Bowler,1000000,Chennai Super Kings,2014,Indian,0.1
Ross Taylor,Batsman,20000000,Delhi Daredevils,2014,Overseas,2
Rovman Powell,All-Rounder,3000000,Kolkata Knight Riders,2017,Overseas,0.3
Rudra Pratap Singh,Bowler,30000000,Royal Challengers Bangalore,2013,Indian,3
Ruturaj Gaikwad,Batsman,2000000,Chennai Super Kings,2019,Indian,0.2
Ryan McLaren,Bowler,3750000,Kolkata Knight Riders,2013,Overseas,0.375
Ryan Ten Doeschate,All-Rounder,10000000,Kolkata Knight Riders,2014,Overseas,1
Sachin Baby,Batsman,1000000,Royal Challengers Bangalore,2016,Indian,0.1
Sachin Rana,Bowler,2000000,Royal Challengers Bangalore,2014,Indian,0.2
Sachithra Senanayaka,All-Rounder,46875000,Kolkata Knight Riders,2013,Overseas,4.6875
Sagar Trivedi,All-Rounder,1000000,Rajasthan Royals,2015,Indian,0.1
Sam Billings,Wicket Keeper,3000000,Delhi Daredevils,2016,Overseas,0.3
Sam Curran,All-Rounder,72000000,Kings XI Punjab,2019,Overseas,7.2
Samuel Badree,Bowler,3000000,Chennai Super Kings,2014,Overseas,0.3
Sandeep Bavanaka,All-Rounder,2000000,Sunrisers Hyderabad,2020,Overseas,0.2
Sandeep Lamichhane,Bowler,2000000,Delhi Daredevils,2018,Overseas,0.2
Sandeep Sharma,Bowler,8500000,Kings XI Punjab,2014,Indian,0.85
Sandeep Warrier,Bowler,1000000,Royal Challengers Bangalore,2014,Indian,0.1
Sanjay Yadav,All-Rounder,2000000,Sunrisers Hyderabad,2020,Indian,0.2
Sanju Samson,Wicket Keeper,42000000,Delhi Daredevils,2016,Indian,4.2
Sarabjit Ladda,Bowler,1000000,Gujarat Lions,2016,Indian,0.1
Sarfaraz Khan,All-Rounder,2000000,Delhi Capitals,2022,Indian,0.2
Sarfaraz Naushad Khan,Batsman,5000000,Royal Challengers Bangalore,2015,Indian,0.5
Saurabh Dubey,Bowler,2000000,Sunrisers Hyderabad,2022,Indian,0.2
Saurabh Kumar,Bowler,1000000,Rising Pune Supergiant,2017,Indian,0.1
Saurabh Tiwary,Batsman,7000000,Delhi Daredevils,2014,Indian,0.7
Sayan Ghosh,Bowler,1000000,Kolkata Knight Riders,2017,Indian,0.1
Sayan Sekhar Mandal,All-Rounder,1000000,Kolkata Knight Riders,2014,Indian,0.1
Scott Boland,Bowler,5000000,Rising Pune Supergiant,2016,Overseas,0.5
Sean Abbott,Bowler,10000000,Royal Challengers Bangalore,2015,Overseas,1
Shadab Jakati,Bowler,2000000,Royal Challengers Bangalore,2014,Indian,0.2
Shahbaz Ahamad,Wicket Keeper,2000000,Royal Challengers Bangalore,2020,Indian,0.2
Shahbaz Nadeem,Bowler,8500000,Delhi Daredevils,2014,Indian,0.85
Shahrukh Khan,All-Rounder,52500000,Punjab Kings,2021,Indian,5.25
Shakib Al Hasan,All-Rounder,28000000,Kolkata Knight Riders,2014,Overseas,2.8
Shane Watson,All-Rounder,95000000,Royal Challengers Bangalore,2016,Overseas,9.5
Sharad Lumba,Batsman,2000000,Mumbai Indians,2018,Indian,0.2
Shardul Thakur,Bowler,2000000,Kings XI Punjab,2014,Indian,0.2
Shashank Singh,All-Rounder,1000000,Delhi Daredevils,2017,Indian,0.1
Shaun Marsh,Batsman,22000000,Kings XI Punjab,2014,Overseas,2.2
Sheldon Cottrell,Bowler,85000000,Kings XI Punjab,2020,Overseas,8.5
Sheldon Jackson,Batsman,1500000,Kolkata Knight Riders,2015,Indian,0.15
Shelley Shaurya,Bowler,1000000,Gujarat Lions,2017,Indian,0.1
Sherfane Rutherford,All-Rounder,20000000,Delhi Capitals,2019,Overseas,2
Shikhar Dhawan,Batsman,52000000,Sunrisers Hyderabad,2018,Indian,5.2
Shimron Hetmyer,Batsman,42000000,Royal Challengers Bangalore,2019,Overseas,4.2
Shishir Bhavane,Batsman,1000000,Royal Challengers Bangalore,2015,Indian,0.1
Shivam Dube,All-Rounder,50000000,Royal Challengers Bangalore,2019,Indian,5
Shivam Mavi,All-Rounder,30000000,Kolkata Knight Riders,2018,Indian,3
Shivam Sharma,Bowler,1000000,Kings XI Punjab,2014,Indian,0.1
Shivil Kaushik,Bowler,1000000,Gujarat Lions,2016,Indian,0.1
Shreevats Goswami,Wicket Keeper,10000000,Sunrisers Hyderabad,2018,Indian,1
Shreyas Gopal,Bowler,1000000,Mumbai Indians,2014,Indian,0.1
Shreyas Iyer,Batsman,26000000,Delhi Daredevils,2015,Indian,2.6
Shrikant Mundhe,All-Rounder,2000000,Kolkata Knight Riders,2019,Indian,0.2
Shubam Agrawal,All-Rounder,1000000,Gujarat Lions,2017,Indian,0.1
Shubham Garhwal,All-Rounder,2000000,Rajasthan Royals,2022,Indian,0.2
Shubham Ranjane,All-Rounder,2000000,Rajasthan Royals,2019,Indian,0.2
Shubman Gill,Batsman,18000000,Kolkata Knight Riders,2018,Indian,1.8
Siddarth Kaul,Bowler,4500000,Delhi Daredevils,2014,Indian,0.45
Siddharth Kaul,Bowler,7500000,Royal Challengers Bangalore,2022,Indian,0.75
Siddhesh Dinesh Lad,All-Rounder,1000000,Mumbai Indians,2015,Indian,0.1
Simarjeet Singh,Bowler,2000000,Chennai Super Kings,2022,Indian,0.2
Srikkanth Anirudha,Batsman,2000000,Sunrisers Hyderabad,2014,Indian,0.2
Steven Smith,All-Rounder,40000000,Rajasthan Royals,2014,Overseas,4
Stuart Binny,All-Rounder,20000000,Royal Challengers Bangalore,2016,Indian,2
Subhranshu Senapati,Batsman,2000000,Chennai Super Kings,2022,Indian,0.2
Subramaniam Badrinath,Batsman,3000000,Royal Challengers Bangalore,2015,Indian,0.3
Sudeep Tyagi,Bowler,7500000,Sunrisers Hyderabad,2013,Indian,0.75
Sumit Narwal,All-Rounder,1000000,Kolkata Knight Riders,2015,Indian,0.1
Suryakumar Yadav,Batsman,7000000,Kolkata Knight Riders,2014,Indian,0.7
Sushant Marathe,Wicket Keeper,1000000,Mumbai Indians,2014,Indian,0.1
Suyash Prabhudesai,All-Rounder,2000000,Royal Challengers Bangalore,2021,Indian,0.2
Suyash Prabhudessai,All-Rounder,3000000,Royal Challengers Bangalore,2022,Indian,0.3
Swapnil Singh,All-Rounder,1000000,Kings XI Punjab,2016,Indian,0.1
Syed Khaleel Ahmed,All-Rounder,1000000,Delhi Daredevils,2016,Indian,0.1
Syed Mehdi Hasan,All-Rounder,2000000,Sunrisers Hyderabad,2018,Indian,0.2
T Natarajan,Bowler,30000000,Kings XI Punjab,2017,Indian,3
T. Natarajan,Bowler,40000000,Sunrisers Hyderabad,2022,Indian,4
Tajinder Dhillon,All-Rounder,5500000,Mumbai Indians,2018,Indian,0.55
Tanmay Agarwal,Batsman,1000000,Sunrisers Hyderabad,2017,Indian,0.1
Tanmay Mishra,Batsman,1000000,Royal Challengers Bangalore,2014,Indian,0.1
Tejas Baroka,Bowler,2000000,Rajasthan Royals,2022,Indian,0.2
Tejas Singh Baroka,Bowler,1000000,Gujarat Lions,2017,Indian,0.1
Thisara Perera,All-Rounder,50625000,Sunrisers Hyderabad,2013,Overseas,5.0625
Tim David,All-Rounder,82500000,Mumbai Indians,2022,Overseas,8.25
Tim Seifert,Wicket Keeper,5000000,Delhi Capitals,2022,Overseas,0.5
Tim Southee,Bowler,12000000,Rajasthan Royals,2014,Overseas,1.2
Tirumalasetti Suman,Batsman,1000000,Sunrisers Hyderabad,2016,Indian,0.1
Tom Banton,Batsman,10000000,Kolkata Knight Riders,2020,Overseas,1
Tom Curran,All-Rounder,10000000,Rajasthan Royals,2020,Overseas,1
Travis Head,Batsman,3000000,Delhi Daredevils,2015,Overseas,0.3
Trent Boult,Bowler,38000000,Sunrisers Hyderabad,2015,Overseas,3.8
Tushar Deshpande,Bowler,2000000,Delhi Capitals,2020,Indian,0.2
Tymal Mills,Bowler,120000000,Royal Challengers Bangalore,2017,Overseas,12
Umang Sharma,Batsman,1000000,Gujarat Lions,2016,Indian,0.1
Umesh Yadav,Bowler,26000000,Kolkata Knight Riders,2014,Indian,2.6
Unmukt Chand,Batsman,6500000,Rajasthan Royals,2014,Indian,0.65
Utkarsh Singh,All-Rounder,2000000,Punjab Kings,2021,Indian,0.2
Vaibhav Arora,Bowler,2000000,Kolkata Knight Riders,2021,Indian,0.2
Vaibhav Rawal,All-Rounder,1000000,Kolkata Knight Riders,2015,Indian,0.1
Varun Aaron,Bowler,20000000,Royal Challengers Bangalore,2014,Indian,2
Varun Chakaravarthy,All-Rounder,84000000,Kings XI Punjab,2019,Indian,8.4
Veer Pratap Singh,Bowler,4000000,Kolkata Knight Riders,2014,Indian,0.4
Venkatesh Iyer,All-Rounder,2000000,Kolkata Knight Riders,2021,Indian,0.2
Venugopal Rao,Batsman,5500000,Sunrisers Hyderabad,2014,Indian,0.55
Vicky Ostwal,All-Rounder,2000000,Delhi Capitals,2022,Indian,0.2
Vijay Shankar,All-Rounder,1000000,Chennai Super Kings,2014,Indian,0.1
Vijay Zol,Batsman,3000000,Royal Challengers Bangalore,2014,Indian,0.3
Vikas Tokas,Bowler,1000000,Royal Challengers Bangalore,2016,Indian,0.1
Vikramjeet Malik,Bowler,2000000,Rajasthan Royals,2014,Indian,0.2
Virat Singh,Batsman,19000000,Sunrisers Hyderabad,2020,Indian,1.9
Virender Sehwag,Batsman,32000000,Kings XI Punjab,2014,Indian,3.2
Vishnu Vinod,Wicket Keeper,2000000,Delhi Capitals,2021,Indian,0.2
Wanindu Hasaranga,All-Rounder,107500000,Royal Challengers Bangalore,2022,Overseas,10.75
Wayne Parnell,Bowler,10000000,Delhi Daredevils,2014,Overseas,1
Wriddhiman Saha,Wicket Keeper,22000000,Kings XI Punjab,2014,Indian,2.2
Writtick Chatterjee,All-Rounder,2000000,Punjab Kings,2022,Indian,0.2
Yash Dayal,Bowler,32000000,Gujarat Titans,2022,Indian,3.2
Yash Dhull,All-Rounder,5000000,Delhi Capitals,2022,Indian,0.5
Yashasvi Jaiswal,All-Rounder,24000000,Rajasthan Royals,2020,Indian,2.4
Yogesh Gowalkar,All-Rounder,1000000,Kings XI Punjab,2015,Indian,0.1
Yogesh Takawale,Wicket Keeper,1000000,Royal Challengers Bangalore,2014,Indian,0.1
Yudhvir Charak,All-Rounder,2000000,Mumbai Indians,2021,Indian,0.2
Yusuf Pathan,All-Rounder,32500000,Kolkata Knight Riders,2014,Indian,3.25
Yuvraj Singh,All-Rounder,140000000,Royal Challengers Bangalore,2014,Indian,14
Yuzvendra Chahal,Bowler,65000000,Rajasthan Royals,2022,Indian,6.5
Yuzvendra Singh Chahal,Bowler,1000000,Royal Challengers Bangalore,2014,Indian,0.1
Zaheer Khan,Bowler,26000000,Mumbai Indians,2014,Indian,2.6
Zahir Khan Pakteen,Bowler,6000000,Rajasthan Royals,2018,Indian,0.6
,,,,,,
,,,2022,,,
